{"file":"ui.png","frames":{
"ui_user_infoGold":{"x":696,"y":545,"w":146,"h":35,"offX":0,"offY":0,"sourceW":146,"sourceH":35},
"ui_user_playerIcon":{"x":982,"y":445,"w":40,"h":40,"offX":0,"offY":0,"sourceW":40,"sourceH":40},
"ui_windows_close":{"x":955,"y":504,"w":54,"h":54,"offX":0,"offY":0,"sourceW":54,"sourceH":54},
"ui_gameExit":{"x":301,"y":453,"w":148,"h":80,"offX":0,"offY":0,"sourceW":148,"sourceH":80},
"ui_gameReplay":{"x":1,"y":453,"w":148,"h":80,"offX":0,"offY":0,"sourceW":148,"sourceH":80},
"ui_gameStart":{"x":151,"y":453,"w":148,"h":80,"offX":0,"offY":0,"sourceW":148,"sourceH":80},
"ui_homeBg_bot":{"x":453,"y":163,"w":480,"h":160,"offX":0,"offY":0,"sourceW":480,"sourceH":160},
"ui_homeBg_center":{"x":453,"y":325,"w":480,"h":80,"offX":0,"offY":0,"sourceW":480,"sourceH":80},
"ui_homeBg_top":{"x":453,"y":1,"w":480,"h":160,"offX":0,"offY":0,"sourceW":480,"sourceH":160},
"ui_loading_bar":{"x":1,"y":535,"w":226,"h":20,"offX":0,"offY":0,"sourceW":226,"sourceH":20},
"ui_loading_barBg":{"x":553,"y":504,"w":240,"h":34,"offX":0,"offY":0,"sourceW":240,"sourceH":34},
"ui_loading_white":{"x":740,"y":447,"w":240,"h":55,"offX":0,"offY":0,"sourceW":240,"sourceH":55},
"ui_pass_cupIcon1":{"x":904,"y":612,"w":56,"h":49,"offX":0,"offY":0,"sourceW":56,"sourceH":49},
"ui_pass_cupIcon2":{"x":935,"y":343,"w":56,"h":49,"offX":0,"offY":0,"sourceW":56,"sourceH":49},
"ui_pass_cupIcon3":{"x":935,"y":394,"w":56,"h":49,"offX":0,"offY":0,"sourceW":56,"sourceH":49},
"ui_pass_mainBg":{"x":935,"y":1,"w":70,"h":134,"offX":0,"offY":0,"sourceW":70,"sourceH":134},
"ui_pass_starIcon":{"x":338,"y":535,"w":42,"h":39,"offX":0,"offY":0,"sourceW":42,"sourceH":39},
"ui_pass_unstarIcon":{"x":294,"y":535,"w":42,"h":39,"offX":0,"offY":0,"sourceW":42,"sourceH":39},
"ui_play_stop":{"x":962,"y":662,"w":46,"h":42,"offX":0,"offY":0,"sourceW":46,"sourceH":42},
"ui_point_combo":{"x":904,"y":581,"w":111,"h":29,"offX":0,"offY":0,"sourceW":111,"sourceH":29},
"ui_pointBar_bar":{"x":451,"y":603,"w":451,"h":20,"offX":0,"offY":0,"sourceW":451,"sourceH":20},
"ui_pointBar_bg":{"x":453,"y":407,"w":480,"h":38,"offX":0,"offY":0,"sourceW":480,"sourceH":38},
"ui_pointBar_top":{"x":229,"y":535,"w":63,"h":38,"offX":0,"offY":0,"sourceW":63,"sourceH":38},
"ui_skillIcon_3":{"x":451,"y":503,"w":100,"h":98,"offX":0,"offY":0,"sourceW":100,"sourceH":98},
"ui_starOneBg_0":{"x":935,"y":274,"w":63,"h":67,"offX":0,"offY":0,"sourceW":63,"sourceH":67},
"ui_starOneBg_1":{"x":935,"y":205,"w":63,"h":67,"offX":0,"offY":0,"sourceW":63,"sourceH":67},
"ui_starViewBg":{"x":1,"y":1,"w":450,"h":450,"offX":0,"offY":0,"sourceW":450,"sourceH":450},
"ui_sysIcon":{"x":935,"y":137,"w":68,"h":66,"offX":0,"offY":0,"sourceW":68,"sourceH":66},
"ui_user_actIcon":{"x":382,"y":573,"w":35,"h":38,"offX":0,"offY":0,"sourceW":35,"sourceH":38},
"ui_user_add":{"x":962,"y":612,"w":50,"h":48,"offX":0,"offY":0,"sourceW":50,"sourceH":48},
"ui_user_dimIcon":{"x":382,"y":535,"w":37,"h":36,"offX":0,"offY":0,"sourceW":37,"sourceH":36},
"ui_user_glodbg_bot":{"x":453,"y":447,"w":285,"h":54,"offX":0,"offY":0,"sourceW":285,"sourceH":54},
"ui_user_glodbg_top":{"x":844,"y":545,"w":109,"h":34,"offX":0,"offY":0,"sourceW":109,"sourceH":34},
"ui_user_goldIcon":{"x":1,"y":557,"w":33,"h":33,"offX":0,"offY":0,"sourceW":33,"sourceH":33},
"ui_user_infoAct":{"x":553,"y":540,"w":141,"h":38,"offX":0,"offY":0,"sourceW":141,"sourceH":38},
"ui_user_infoDim":{"x":795,"y":504,"w":143,"h":39,"offX":0,"offY":0,"sourceW":143,"sourceH":39}}}