{
	"groups":[
		{
			"keys":"loading_bar_png,loading_barBg_png,loading_bg_top_png,loading_login_png,loading_white_png,logo_png",
			"name":"open"
		},
		{
			"keys":"playUI_json,notClickImg_png,number_fnt,ui_passSelectMainBg_png,ui_passOneShow_png,tips_json,ui_json,monster_json",
			"name":"login"
		}
	],
	"resources":[
		{
			"name":"playUI_json",
			"subkeys":"star_monster_1,star_monster_2,star_monster_3,star_monster_4,star_monster_5,star_rect_1,star_rect_2,star_rect_3,star_rect_4,star_rect_5",
			"type":"sheet",
			"url":"pic/playUI.json"
		},
		{
			"name":"notClickImg_png",
			"type":"image",
			"url":"pic/notClickImg.png"
		},
		{
			"name":"number_fnt",
			"type":"font",
			"url":"pic/number.fnt"
		},
		{
			"name":"ui_passSelectMainBg_png",
			"scale9grid":"63,96,140,68",
			"type":"image",
			"url":"pic/grid/ui_passSelectMainBg.png"
		},
		{
			"name":"ui_passOneShow_png",
			"scale9grid":"67,61,129,82",
			"type":"image",
			"url":"pic/grid/ui_passOneShow.png"
		},
		{
			"name":"tips_json",
			"subkeys":"balance_rePlay,loading_login,passMain_notStart,passMain_start",
			"type":"sheet",
			"url":"pic/tips.json"
		},
		{
			"name":"loading_bar_png",
			"type":"image",
			"url":"pic/open/loading_bar.png"
		},
		{
			"name":"loading_barBg_png",
			"type":"image",
			"url":"pic/open/loading_barBg.png"
		},
		{
			"name":"loading_bg_top_png",
			"type":"image",
			"url":"pic/open/loading_bg_top.png"
		},
		{
			"name":"loading_login_png",
			"type":"image",
			"url":"pic/open/loading_login.png"
		},
		{
			"name":"loading_white_png",
			"type":"image",
			"url":"pic/open/loading_white.png"
		},
		{
			"name":"logo_png",
			"type":"image",
			"url":"pic/open/logo.png"
		},
		{
			"name":"ui_json",
			"subkeys":"ui_gameExit,ui_gameReplay,ui_gameStart,ui_homeBg_bot,ui_homeBg_center,ui_homeBg_top,ui_loading_bar,ui_loading_barBg,ui_loading_white,ui_pass_cupIcon1,ui_pass_cupIcon2,ui_pass_cupIcon3,ui_pass_mainBg,ui_pass_starIcon,ui_pass_unstarIcon,ui_play_stop,ui_pointBar_bar,ui_pointBar_bg,ui_pointBar_top,ui_point_combo,ui_skillIcon_3,ui_starOneBg_0,ui_starOneBg_1,ui_starViewBg,ui_sysIcon,ui_user_actIcon,ui_user_add,ui_user_dimIcon,ui_user_glodbg_bot,ui_user_glodbg_top,ui_user_goldIcon,ui_user_infoAct,ui_user_infoDim,ui_user_infoGold,ui_user_playerIcon,ui_windows_close",
			"type":"sheet",
			"url":"pic/ui.json"
		},
		{
			"name":"monster_json",
			"subkeys":"pass_monster_img_1,pass_monster_img_10,pass_monster_img_11,pass_monster_img_12,pass_monster_img_2,pass_monster_img_3,pass_monster_img_4,pass_monster_img_5,pass_monster_img_6,pass_monster_img_7,pass_monster_img_8,pass_monster_img_9",
			"type":"sheet",
			"url":"pic/monster.json"
		}
	]
}